{
    "front_frame_01050_crop_z_mask-45.png": {
        "sfm_rotation": [
            1.5348714350765547,
            -0.6495434273283505,
            0.5868414800627926
        ],
        "sfm_translation": [
            -248.92598918229024,
            -120.64173055723585,
            439.6819304632462
        ],
        "orientation_before_crop": [
            -93.61809524175588,
            0.9070544093530097,
            -45.02375248670385
        ],
        "z_after_crop": 177.97624751329616,
        "translation": [
            -140.91107432969721,
            -490.56539748662834,
            -96.58382441252763
        ]
    },
    "front_frame_01050_crop_z_mask-15.png": {
        "sfm_rotation": [
            1.5348714350765547,
            -0.6495434273283505,
            0.5868414800627926
        ],
        "sfm_translation": [
            -248.92598918229024,
            -120.64173055723585,
            439.6819304632462
        ],
        "orientation_before_crop": [
            -93.61809524175588,
            0.9070544093530097,
            -45.02375248670385
        ],
        "z_after_crop": 147.97624751329616,
        "translation": [
            -140.91107432969721,
            -490.56539748662834,
            -96.58382441252763
        ]
    },
    "front_frame_01050_crop_z_mask15.png": {
        "sfm_rotation": [
            1.5348714350765547,
            -0.6495434273283505,
            0.5868414800627926
        ],
        "sfm_translation": [
            -248.92598918229024,
            -120.64173055723585,
            439.6819304632462
        ],
        "orientation_before_crop": [
            -93.61809524175588,
            0.9070544093530097,
            -45.02375248670385
        ],
        "z_after_crop": 117.97624751329616,
        "translation": [
            -140.91107432969721,
            -490.56539748662834,
            -96.58382441252763
        ]
    },
    "front_frame_01050_crop_z_mask45.png": {
        "sfm_rotation": [
            1.5348714350765547,
            -0.6495434273283505,
            0.5868414800627926
        ],
        "sfm_translation": [
            -248.92598918229024,
            -120.64173055723585,
            439.6819304632462
        ],
        "orientation_before_crop": [
            -93.61809524175588,
            0.9070544093530097,
            -45.02375248670385
        ],
        "z_after_crop": 87.97624751329613,
        "translation": [
            -140.91107432969721,
            -490.56539748662834,
            -96.58382441252763
        ]
    },
    "left_frame_01000_crop_z_mask-45.png": {
        "sfm_rotation": [
            1.6105299902516768,
            0.10172503873997421,
            -0.1704541618819895
        ],
        "sfm_translation": [
            1053.6265727180084,
            -212.693747273383,
            -559.0689602514326
        ],
        "orientation_before_crop": [
            -92.31166273934446,
            2.6973591947309616,
            9.818988849229246
        ],
        "z_after_crop": 268.81898884922924,
        "translation": [
            -1141.7434623671797,
            360.6089107530412,
            -185.2262584263304
        ]
    },
    "left_frame_01000_crop_z_mask-15.png": {
        "sfm_rotation": [
            1.6105299902516768,
            0.10172503873997421,
            -0.1704541618819895
        ],
        "sfm_translation": [
            1053.6265727180084,
            -212.693747273383,
            -559.0689602514326
        ],
        "orientation_before_crop": [
            -92.31166273934446,
            2.6973591947309616,
            9.818988849229246
        ],
        "z_after_crop": 238.81898884922924,
        "translation": [
            -1141.7434623671797,
            360.6089107530412,
            -185.2262584263304
        ]
    },
    "left_frame_01000_crop_z_mask15.png": {
        "sfm_rotation": [
            1.6105299902516768,
            0.10172503873997421,
            -0.1704541618819895
        ],
        "sfm_translation": [
            1053.6265727180084,
            -212.693747273383,
            -559.0689602514326
        ],
        "orientation_before_crop": [
            -92.31166273934446,
            2.6973591947309616,
            9.818988849229246
        ],
        "z_after_crop": 208.81898884922924,
        "translation": [
            -1141.7434623671797,
            360.6089107530412,
            -185.2262584263304
        ]
    },
    "left_frame_01000_crop_z_mask45.png": {
        "sfm_rotation": [
            1.6105299902516768,
            0.10172503873997421,
            -0.1704541618819895
        ],
        "sfm_translation": [
            1053.6265727180084,
            -212.693747273383,
            -559.0689602514326
        ],
        "orientation_before_crop": [
            -92.31166273934446,
            2.6973591947309616,
            9.818988849229246
        ],
        "z_after_crop": 178.81898884922924,
        "translation": [
            -1141.7434623671797,
            360.6089107530412,
            -185.2262584263304
        ]
    },
    "right_frame_01000_crop_z_mask-45.png": {
        "sfm_rotation": [
            0.5617097310079109,
            1.8059270041020823,
            -1.874924881645503
        ],
        "sfm_translation": [
            673.2514266996958,
            -186.53584421271688,
            -773.8096889862413
        ],
        "orientation_before_crop": [
            -87.24972366535438,
            -1.8284165815662652,
            143.52642620259505
        ],
        "z_after_crop": 88.52642620259505,
        "translation": [
            72.49546934479099,
            -1025.9073071665784,
            -170.5964346784795
        ]
    },
    "right_frame_01000_crop_z_mask-15.png": {
        "sfm_rotation": [
            0.5617097310079109,
            1.8059270041020823,
            -1.874924881645503
        ],
        "sfm_translation": [
            673.2514266996958,
            -186.53584421271688,
            -773.8096889862413
        ],
        "orientation_before_crop": [
            -87.24972366535438,
            -1.8284165815662652,
            143.52642620259505
        ],
        "z_after_crop": 58.52642620259505,
        "translation": [
            72.49546934479099,
            -1025.9073071665784,
            -170.5964346784795
        ]
    },
    "right_frame_01000_crop_z_mask15.png": {
        "sfm_rotation": [
            0.5617097310079109,
            1.8059270041020823,
            -1.874924881645503
        ],
        "sfm_translation": [
            673.2514266996958,
            -186.53584421271688,
            -773.8096889862413
        ],
        "orientation_before_crop": [
            -87.24972366535438,
            -1.8284165815662652,
            143.52642620259505
        ],
        "z_after_crop": 28.526426202595047,
        "translation": [
            72.49546934479099,
            -1025.9073071665784,
            -170.5964346784795
        ]
    },
    "right_frame_01000_crop_z_mask45.png": {
        "sfm_rotation": [
            0.5617097310079109,
            1.8059270041020823,
            -1.874924881645503
        ],
        "sfm_translation": [
            673.2514266996958,
            -186.53584421271688,
            -773.8096889862413
        ],
        "orientation_before_crop": [
            -87.24972366535438,
            -1.8284165815662652,
            143.52642620259505
        ],
        "z_after_crop": 358.5264262025951,
        "translation": [
            72.49546934479099,
            -1025.9073071665784,
            -170.5964346784795
        ]
    },
    "back_frame_01150_crop_z_mask-45.png": {
        "sfm_rotation": [
            1.5296931267433405,
            0.431480566833982,
            -0.4570861875153723
        ],
        "sfm_translation": [
            964.1569179838407,
            -201.82746976714265,
            -557.4554370648634
        ],